circuit	detector	page	records	phase_independent	defects	labelled_edges	file
3	0	5	0	1	0	76	d3_det000.tikz
3	1	6	1	1	0	56	d3_det001.tikz
3	2	7	2	1	0	74	d3_det002.tikz
3	3	8	3	1	0	6	d3_det003.tikz
3	4	9	4	1	0	55	d3_det004.tikz
3	5	10	5	1	0	49	d3_det005.tikz
3	6	11	6	1	0	61	d3_det006.tikz
3	7	12	5 6 7	0	8	177	d3_det007.tikz
3	8	13	8	1	0	8	d3_det008.tikz
3	9	14	9	1	0	18	d3_det009.tikz
3	10	15	7 10	1	0	22	d3_det010.tikz
3	11	16	11	1	0	13	d3_det011.tikz
3	12	17	12	1	0	8	d3_det012.tikz
3	13	18	13	1	0	8	d3_det013.tikz
3	14	19	7 15	0	16	163	d3_det014.tikz
3	15	20	16	1	0	148	d3_det015.tikz
3	16	21	7 17	0	16	168	d3_det016.tikz
3	17	22	18	1	0	161	d3_det017.tikz
3	18	23	7 19	0	16	123	d3_det018.tikz
3	19	24	20	1	0	144	d3_det019.tikz
5	0	25	0	1	0	76	d5_det000.tikz
5	1	26	1	1	0	56	d5_det001.tikz
5	2	27	2	1	0	74	d5_det002.tikz
5	3	28	3	1	0	6	d5_det003.tikz
5	4	29	4	1	0	55	d5_det004.tikz
5	5	30	5	1	0	49	d5_det005.tikz
5	6	31	6	1	0	61	d5_det006.tikz
5	7	32	5 6 7	0	8	177	d5_det007.tikz
5	8	33	8	1	0	8	d5_det008.tikz
5	9	34	9	1	0	18	d5_det009.tikz
5	10	35	7 10	1	0	22	d5_det010.tikz
5	11	36	11	1	0	13	d5_det011.tikz
5	12	37	12	1	0	8	d5_det012.tikz
5	13	38	13	1	0	8	d5_det013.tikz
5	14	39	14	1	0	6	d5_det014.tikz
5	15	40	15	1	0	6	d5_det015.tikz
5	16	41	16	1	0	6	d5_det016.tikz
5	17	42	17	1	0	6	d5_det017.tikz
5	18	43	18	1	0	6	d5_det018.tikz
5	19	44	7 36	0	8	180	d5_det019.tikz
5	20	45	7 35	0	8	180	d5_det020.tikz
5	21	46	27	1	0	133	d5_det021.tikz
5	22	47	26	1	0	139	d5_det022.tikz
5	23	48	7 34	0	8	162	d5_det023.tikz
5	24	49	32	1	0	60	d5_det024.tikz
5	25	50	25	1	0	134	d5_det025.tikz
5	26	51	23	1	0	39	d5_det026.tikz
5	27	52	30	1	0	89	d5_det027.tikz
5	28	53	29	1	0	57	d5_det028.tikz
5	29	54	21	1	0	49	d5_det029.tikz
5	30	55	20	1	0	32	d5_det030.tikz
5	31	56	28	1	0	47	d5_det031.tikz
5	32	57	19	1	0	32	d5_det032.tikz
5	33	58	36 54	1	0	66	d5_det033.tikz
5	34	59	35 53	1	0	68	d5_det034.tikz
5	35	60	26 27 45	1	0	68	d5_det035.tikz
5	36	61	27 44	1	0	70	d5_det036.tikz
5	37	62	34 52	1	0	101	d5_det037.tikz
5	38	63	51	1	0	107	d5_det038.tikz
5	39	64	32 50	1	0	69	d5_det039.tikz
5	40	65	43	1	0	105	d5_det040.tikz
5	41	66	42	1	0	109	d5_det041.tikz
5	42	67	41	1	0	69	d5_det042.tikz
5	43	68	49	1	0	75	d5_det043.tikz
5	44	69	30 48	1	0	103	d5_det044.tikz
5	45	70	29 47	1	0	70	d5_det045.tikz
5	46	71	40	1	0	79	d5_det046.tikz
5	47	72	39	1	0	127	d5_det047.tikz
5	48	73	21 38	1	0	70	d5_det048.tikz
5	49	74	28 46	1	0	66	d5_det049.tikz
5	50	75	37	1	0	66	d5_det050.tikz
5	51	76	54 72	1	0	64	d5_det051.tikz
5	52	77	53 71	1	0	68	d5_det052.tikz
5	53	78	44 45 63	1	0	66	d5_det053.tikz
5	54	79	45 62	1	0	70	d5_det054.tikz
5	55	80	52 70	1	0	100	d5_det055.tikz
5	56	81	51 69	1	0	104	d5_det056.tikz
5	57	82	50 68	1	0	62	d5_det057.tikz
5	58	83	42 61	1	0	104	d5_det058.tikz
5	59	84	41 43 60	1	0	106	d5_det059.tikz
5	60	85	42 59	1	0	62	d5_det060.tikz
5	61	86	49 67	1	0	72	d5_det061.tikz
5	62	87	48 66	1	0	102	d5_det062.tikz
5	63	88	47 65	1	0	70	d5_det063.tikz
5	64	89	39 40 58	1	0	76	d5_det064.tikz
5	65	90	38 40 57	1	0	106	d5_det065.tikz
5	66	91	39 56	1	0	70	d5_det066.tikz
5	67	92	46 64	1	0	58	d5_det067.tikz
5	68	93	55	1	0	58	d5_det068.tikz
5	69	94	8 9 12 13 19 20 21 23 25 26 37 38 39 41 42 43 44 55 56 57 59 60 61 62 73	0	26	967	d5_det069.tikz
5	70	96	74	1	0	13	d5_det070.tikz
5	71	97	75	1	0	13	d5_det071.tikz
5	72	98	76	1	0	13	d5_det072.tikz
5	73	99	77	1	0	8	d5_det073.tikz
5	74	100	78	1	0	13	d5_det074.tikz
5	75	101	79	1	0	13	d5_det075.tikz
5	76	102	73 80	1	0	22	d5_det076.tikz
5	77	103	81	1	0	13	d5_det077.tikz
5	78	104	82	1	0	8	d5_det078.tikz
5	79	105	83	1	0	8	d5_det079.tikz
5	80	106	84	1	0	18	d5_det080.tikz
5	81	107	85	1	0	13	d5_det081.tikz
5	82	108	86	1	0	13	d5_det082.tikz
5	83	109	87	1	0	13	d5_det083.tikz
5	84	110	88	1	0	13	d5_det084.tikz
5	85	111	89	1	0	18	d5_det085.tikz
5	86	112	90	1	0	13	d5_det086.tikz
5	87	113	91	1	0	8	d5_det087.tikz
5	88	114	92	1	0	8	d5_det088.tikz
5	89	115	72 93	0	8	73	d5_det089.tikz
5	90	116	62 63 96	1	0	99	d5_det090.tikz
5	91	117	71 99	0	8	93	d5_det091.tikz
5	92	118	63 102	1	0	116	d5_det092.tikz
5	93	119	70 73 105	0	12	158	d5_det093.tikz
5	94	120	60 108	1	0	194	d5_det094.tikz
5	95	121	69 94	0	12	129	d5_det095.tikz
5	96	122	59 61 97	1	0	177	d5_det096.tikz
5	97	123	68 100	0	8	115	d5_det097.tikz
5	98	124	60 103	1	0	138	d5_det098.tikz
5	99	125	67 73 95	0	8	83	d5_det099.tikz
5	100	126	57 58 98	1	0	112	d5_det100.tikz
5	101	127	66 73 101	0	12	134	d5_det101.tikz
5	102	128	56 58 104	1	0	170	d5_det102.tikz
5	103	129	65 106	0	8	103	d5_det103.tikz
5	104	130	57 109	1	0	129	d5_det104.tikz
5	105	131	64 107	0	8	100	d5_det105.tikz
5	106	132	110	1	0	119	d5_det106.tikz
