p,T_LER_series10,T_acceptance_physical_order10,attempts_per_accepted_output
0.0001,1.6568377386824508e-12,0.8236226565321639,1.2141482413930513
0.00010033341373271156,1.6739093387386352e-12,0.8230900393809631,1.21493391020998
0.00010066793911259463,1.69115834493816e-12,0.8225559930060184,1.2157227088523361
0.00010100357984603375,1.708586621347381e-12,0.8220205147301913,1.2165146514965337
0.00010134033965177071,1.726196051897944e-12,0.821483601879237,1.217309752394797
0.00010167822226094626,1.7439885406023042e-12,0.8209452517818724,1.2181080258756438
0.00010201723141714114,1.7619660117716135e-12,0.820405461769847,1.2189094863443701
0.00010235737087641803,1.780130410236048e-12,0.8198642291780109,1.2197141482835416
0.00010269864440736251,1.7984837015675274e-12,0.8193215513443883,1.220522026253483
0.00010304105579112528,1.8170278723049666e-12,0.8187774256102454,1.221333134892779
0.00010338460882146377,1.8357649301819835e-12,0.8182318493201637,1.2221474889187707
0.00010372930730478467,1.85469690435718e-12,0.8176848198221114,1.2229651031280628
0.0001040751550601854,1.8738258456469208e-12,0.8171363344675161,1.2237859923970293
0.00010442215591949692,1.89315382676075e-12,0.8165863906113365,1.2246101716823263
0.0001047703137273259,1.9126829425393983e-12,0.8160349856121375,1.2254376560214066
0.00010511963234109779,1.932415310195464e-12,0.8154821168321621,1.2262684605330398
0.00010547011563109891,1.9523530695567186e-12,0.8149277816374071,1.2271026004178351
0.00010582176748051977,1.9724983833121718e-12,0.8143719773976971,1.227940090958768
0.00010617459178549782,1.992853437260839e-12,0.8138147014867602,1.2287809475217115
0.00010652859245516111,2.01342044056332e-12,0.8132559512823022,1.2296251855559728
0.00010688377341167096,2.0342016259961158e-12,0.8126957241660857,1.2304728205948283
0.00010724013859026578,2.0551992502088295e-12,0.812134017524003,1.231323868256072
0.00010759769193930453,2.0764155939842103e-12,0.8115708287461568,1.2321783442425578
0.00010795643742031086,2.0978529625011257e-12,0.8110061552269351,1.2330362643427544
0.00010831637900801635,2.1195136856003985e-12,0.8104399943650907,1.2338976444312981
0.00010867752069040498,2.141400118053678e-12,0.8098723435638192,1.234762500469555
0.00010903986646875713,2.1635146398352688e-12,0.8093032002308385,1.2356308485061827
0.00010940342035769431,2.1858596563970343e-12,0.8087325617784678,1.2365027046776995
0.00010976818638522303,2.2084375989462964e-12,0.808160425623708,1.2373780852090566
0.00011013416859277979,2.2312509247269084e-12,0.8075867891883225,1.238257006414215
0.00011050137103527572,2.2543021173034328e-12,0.8070116498989176,1.2391394846967267
0.00011086979778114189,2.277593686848517e-12,0.8064350051870243,1.24002553655032
0.00011123945291237375,2.3011281704334316e-12,0.8058568524891802,1.2409151785594905
0.00011161034052457684,2.3249081323219178e-12,0.8052771892470123,1.2418084274000938
0.0001119824647270118,2.3489361642672654e-12,0.8046960129073202,1.2427052998399455
0.00011235582964264053,2.3732148858127827e-12,0.8041133209221581,1.2436058127394267
0.00011273043940817112,2.3977469445955333e-12,0.8035291107489213,1.2445099830520887
0.00011310629817410404,2.4225350166535528e-12,0.8029433798504287,1.2454178278252679
0.00011348341010477808,2.447581806736471e-12,0.8023561256950085,1.2463293642007038
0.0001138617793784168,2.4728900486196355e-12,0.8017673457565838,1.2472446094151601
0.00011424141018717419,2.4984625054216997e-12,0.8011770375147584,1.2481635808010525
0.00011462230673718158,2.524301969925837e-12,0.8005851984549042,1.2490862957870792
0.000115004473248594,2.550411264904504e-12,0.7999918260682469,1.25001277189886
0.00011538791395563741,2.5767932434479046e-12,0.7993969178519541,1.2509430267595765
0.00011577263310665491,2.603450789296057e-12,0.798800471309224,1.251877078090618
0.00011615863496415428,2.6303868171746455e-12,0.7982024839493737,1.252814943712234
0.00011654592380485495,2.657604273134631e-12,0.7976029532879272,1.2537566415441912
0.0001169345039197359,2.6851061348956855e-12,0.7970018768467069,1.2547021896064332
0.00011732437961408244,2.712895412193433e-12,0.796399252153922,1.25565160601975
0.00011771555520753444,2.740975147130647e-12,0.7957950767442608,1.2566049090064466
0.0001181080350341339,2.7693484145323674e-12,0.7951893481589807,1.2575621168910225
0.00011850182344237349,2.798018322305051e-12,0.7945820639459994,1.2585232481008544
0.00011889692479524397,2.8269880117996595e-12,0.7939732216599893,1.2594883211668813
0.00011929334347028306,2.856260658178956e-12,0.7933628188624685,1.2604573547242988
0.00011969108385962363,2.8858394707888464e-12,0.7927508531218944,1.2614303675132579
0.00012009015037004294,2.915727693533967e-12,0.7921373220137571,1.2624073783795695
0.00012049054742301063,2.945928605257417e-12,0.791522223120675,1.2633884062754113
0.00012089227945473829,2.9764455201248525e-12,0.790905554032489,1.2643734702600429
0.00012129535091622831,3.0072817880128515e-12,0.7902873123463573,1.265362589500529
0.0001216997662733237,3.03844079490172e-12,0.789667495666852,1.2663557832724621
0.00012210553000675684,3.0699259632726228e-12,0.7890461016060554,1.2673530709606964
0.0001225126466121996,3.1017407525092937e-12,0.7884231277836573,1.268354472060083
0.00012292112060031295,3.1338886593042286e-12,0.7877985718270518,1.2693600061762151
0.00012333095649679735,3.1663732180694965e-12,0.7871724313714358,1.2703696930261767
0.0001237421588424422,3.1991980013521224e-12,0.7865447040599078,1.2713835524392956
0.00012415473219317666,3.2323666202542305e-12,0.7859153875435668,1.272401604357906
0.00012456868112011984,3.265882724857899e-12,0.785284479481612,1.2734238688381154
0.000124984010209632,3.2997500046548627e-12,0.7846519775414424,1.2744503660505764
0.00012540072406336454,3.333972188980965e-12,0.784017879398759,1.2754811162812658
0.00012581882729831154,3.368553047455645e-12,0.7833821827376647,1.2765161399322702
0.00012623832454686064,3.4034963904263167e-12,0.7827448852507675,1.2775554575225754
0.00012665922045684486,3.4388060694178546e-12,0.7821059846392805,1.2785990896888682
0.0001270815196915934,3.4744859775870475e-12,0.7814654786131279,1.2796470571863352
0.0001275052269299836,3.5105400501823006e-12,0.7808233648910463,1.2806993808894755
0.0001279303468664932,3.5469722650085442e-12,0.7801796412006893,1.281756081792918
0.00012835688421125162,3.5837866428973253e-12,0.7795343052787325,1.282817181012242
0.00012878484369009262,3.6209872481823024e-12,0.7788873548709779,1.2838826997848094
0.00012921423004460652,3.658578189180128e-12,0.77823878773246,1.2849526594705996
0.00012964504803219263,3.696563618676729e-12,0.7775886016275528,1.2860270815530512
0.00013007730242611245,3.734947734419215e-12,0.7769367943300743,1.2871059876399151
0.00013051099801554187,3.773734779613219e-12,0.7762833636233958,1.288189399464108
0.00013094613960562448,3.812929043426e-12,0.7756283073005494,1.2892773388845753
0.00013138273201752527,3.852534861495261e-12,0.774971623164336,1.2903698278871636
0.00013182078008848333,3.8925566164436524e-12,0.7743133090274341,1.291466888585496
0.00013226028867186585,3.9329987383992245e-12,0.7736533627125104,1.2925685432218563
0.0001327012626372217,3.9738657055217326e-12,0.7729917820523288,1.2936748141680807
0.00013314370687033582,4.015162044535003e-12,0.7723285648898611,1.2947857239264564
0.00013358762627328275,4.0568923312652415e-12,0.7716637090783989,1.2959012951306264
0.0001340330257644813,4.0990611911855795e-12,0.7709972124816648,1.2970215505465024
0.00013447991027874877,4.141673299966743e-12,0.7703290729739248,1.2981465130731855
0.0001349282847673563,4.184733384034097e-12,0.769659288440101,1.2992762057438942
0.00013537815419808284,4.228246221130867e-12,0.7689878567758855,1.3004106517268983
0.0001358295235552707,4.272216640887948e-12,0.7683147758878538,1.3015498743264622
0.0001362823978398805,4.316649525400108e-12,0.7676400436935804,1.3026938969837938
0.0001367367820695473,4.361549809808864e-12,0.7669636581217512,1.3038427432780075
0.00013719268127863505,4.4069224828918424e-12,0.7662856171122834,1.304996436927082
0.00013765010051829322,4.4527725876590365e-12,0.7656059186164376,1.3061550017888406
0.00013810904485651233,4.499105221955775e-12,0.7649245605969377,1.3073184618619285
0.00013856951937818074,4.545925539072661e-12,0.7642415410280853,1.3084868412868056
0.00013903152918514,4.593238748362333e-12,0.7635568578958806,1.309660164346741
0.00013949507939624214,4.6410501158634395e-12,0.7628705091981387,1.3108384554688195
0.00013996017514740597,4.6893649649316406e-12,0.7621824929446098,1.3120217392249562
0.00014042682159167458,4.73818867687792e-12,0.7614928071570974,1.3132100403329194
0.0001408950238992716,4.787526691614072e-12,0.7608014498695805,1.3144033836573574
0.00014136478725765902,4.837384508305691e-12,0.7601084191283324,1.315601794210841
0.0001418361168715944,4.887767686032587e-12,0.7594137129920434,1.3168052971549082
0.00014230901796318912,4.938681844456825e-12,0.7587173295319409,1.318013917801124
0.00014278349577196537,4.990132664498293e-12,0.7580192668319139,1.3192276816121402
0.00014325955555491473,5.042125889018151e-12,0.7573195229886343,1.3204466142027713
0.00014373720258655624,5.094667323510037e-12,0.7566180961116815,1.3216707413410764
0.00014421644215899525,5.147762836799273e-12,0.7559149843236656,1.3229000889494509
0.00014469727958198137,5.201418361749977e-12,0.7552101857603523,1.3241346831057252
0.00014517972018296776,5.255639895980412e-12,0.7545036985707889,1.3253745500442742
0.00014566376930716984,5.310433502586477e-12,0.7537955209174292,1.3266197161571356
0.00014614943231762523,5.365805310873616e-12,0.7530856509762592,1.327870207995139
0.0001466367145952522,5.42176151709694e-12,0.7523740869369261,1.32912605226904
0.00014712562153890984,5.4783083852100585e-12,0.7516608270028637,1.3303872758506678
0.00014761615856545766,5.535452247622399e-12,0.7509458693914217,1.3316539057740815
0.00014810833110981617,5.5931995059653775e-12,0.7502292123339929,1.3329259692367355
0.0001486021446250262,5.651556631867169e-12,0.7495108540761442,1.334203493600652
0.00014909760458230994,5.7105301677366e-12,0.7487907928777449,1.335486506393609
0.00014959471647113122,5.770126727555974e-12,0.7480690270130975,1.3367750353103331
0.0001500934857992569,5.830352997683103e-12,0.7473455547710683,1.3380691082137048
0.0001505939180928171,5.891215737662455e-12,0.7466203744552188,1.3393687531359735
0.00015109601889636695,5.952721781045793e-12,0.7458934843839379,1.3406739982799802
0.00015159979377294774,6.014878036222197e-12,0.7451648828905741,1.3419848720203953
0.00015210524830414917,6.077691487257756e-12,0.7444345683235688,1.3433014029049624
0.00015261238809017024,6.141169194744792e-12,0.7437025390465893,1.3446236196557544
0.00015312121874988194,6.205318296661059e-12,0.7429687934386644,1.3459515511704392
0.0001536317459208892,6.270146009238757e-12,0.7422333298943175,1.3472852265235578
0.00015414397525959398,6.335659627843735e-12,0.7414961468237024,1.3486246749678112
0.00015465791244125698,6.401866527864608e-12,0.7407572426527399,1.349969925935359
0.0001551735631600612,6.468774165612418e-12,0.740016615823253,1.3513210090391294
0.0001556909331291745,6.5363900792305226e-12,0.7392742647931054,1.3526779540741374
0.00015621002808081396,6.604721889615215e-12,0.7385301880363367,1.354040791018821
0.000156730853766308,6.673777301346709e-12,0.7377843840433027,1.355409550036379
0.00015725341595616095,6.743564103631198e-12,0.737036851320813,1.356784261476128
0.00015777772044011667,6.814090171253652e-12,0.7362875883922704,1.3581649558748667
0.00015830377302722328,6.885363465541809e-12,0.7355365937978097,1.359551663958256
0.00015883157954589658,6.95739203534114e-12,0.7347838660944392,1.360944416642204
0.00015936114584398514,7.0301840180013066e-12,0.7340294038561817,1.3623432450342683
0.00015989247778883548,7.103747640374043e-12,0.7332732056742134,1.3637481804350708
0.00016042558126735625,7.1780912198225195e-12,0.7325152701570093,1.365159254339718
0.00016096046218608398,7.2532231652425245e-12,0.7317555959304827,1.3665764984392421
0.00016149712647124838,7.329151978095508e-12,0.73099418163813,1.3679999446220463
0.00016203558006883792,7.405886253453567e-12,0.7302310259411732,1.3694296249753695
0.00016257582894466628,7.483434681056742e-12,0.7294661275187041,1.3708655717867575
0.00016311787908443746,7.561806046382353e-12,0.7286994850678294,1.3723078175455512
0.00016366173649381266,7.641009231727003e-12,0.727931097303816,1.3737563949443843
0.00016420740719847726,7.72105321730119e-12,0.7271609629602349,1.3752113368806975
0.0001647548972442066,7.801947082336425e-12,0.7263890807891095,1.376672676458262
0.0001653042126969336,7.883700006205518e-12,0.7256154495610615,1.3781404469887168
0.0001658553596428159,7.966321269555808e-12,0.724840068065458,1.3796146819931223
0.00016640834418830304,8.04982025545558e-12,0.7240629351105595,1.3810954152035233
0.00016696317246020476,8.134206450553982e-12,0.7232840495236681,1.3825826805645283
0.00016751985060575798,8.219489446254269e-12,0.7225034101512763,1.3840765122349001
0.00016807838479269532,8.305678939900928e-12,0.7217210158592166,1.3855769445891628
0.00016863878120931393,8.392784735980684e-12,0.720936865532811,1.3870840122192203
0.00016920104606454322,8.48081674733734e-12,0.7201509580770221,1.3885977499359894
0.00016976518558801403,8.56978499640098e-12,0.7193632924166034,1.3901181927710486
0.00017033120603012755,8.65969961643154e-12,0.7185738674962509,1.3916453759782985
0.00017089911366212525,8.750570852776965e-12,0.7177826822807544,1.3931793350356407
0.00017146891477615712,8.842409064145837e-12,0.7169897357551519,1.3947201056466652
0.00017204061568535232,8.935224723895244e-12,0.7161950269248804,1.3962677237423586
0.00017261422272388862,9.029028421333505e-12,0.7153985548159307,1.3978222254828234
0.0001731897422470634,9.123830863038358e-12,0.7146003184750007,1.3993836472590147
0.00017376718063136289,9.219642874190284e-12,0.7138003169696503,1.4009520256944892
0.00017434654427453357,9.316475399921808e-12,0.7129985493884562,1.402527397647172
0.00017492783959565273,9.414339506682399e-12,0.7121950148411681,1.4041098002111365
0.00017551107303520028,9.513246383619618e-12,0.7113897124588625,1.4056992707184066
0.00017609625105512907,9.61320734397615e-12,0.7105826413941023,1.4072958467407612
0.0001766833801389371,9.714233826503554e-12,0.7097738008210914,1.4088995660915697
0.00017727246679173913,9.816337396892444e-12,0.7089631899358332,1.4105104668276331
0.00017786351754033933,9.919529749219692e-12,0.708150807956288,1.4121285872510463
0.00017845653893330268,1.0023822707412318e-11,0.707336654122532,1.4137539659110752
0.00017905153754102805,1.0129228226728896e-11,0.7065207276969158,1.4153866416060499
0.00017964851995582086,1.0235758395258259e-11,0.705703027964224,1.4170266533852758
0.00018024749279196665,1.0343425435436031e-11,0.7048835542318345,1.4186740405509624
0.00018084846268580335,1.0452241705578637e-11,0.7040623058298798,1.4203288426601646
0.0001814514362957956,1.056221970143582e-11,0.7032392821114071,1.421991099526747
0.00018205642030260795,1.0673372057761187e-11,0.7024144824525399,1.4236608512233617
0.00018266342140917994,1.0785711549901529e-11,0.7015879062526389,1.4253381380834467
0.00018327244634079893,1.0899251095404524e-11,0.7007595529344651,1.427023000703238
0.0001838835018451756,1.1014003755645766e-11,0.6999294219443428,1.4287154799438024
0.00018449659469251816,1.1129982737474829e-11,0.6990975127523217,1.4304156169330886
0.0001851117316756082,1.1247201394880954e-11,0.6982638248523396,1.4321234530679974
0.00018572891960987487,1.1365673230678093e-11,0.6974283577623893,1.4338390300164643
0.00018634816533347103,1.1485411898210236e-11,0.69659111102468,1.4355623897195702
0.00018696947570734867,1.160643120307667e-11,0.6957520842058044,1.437293574393661
0.0001875928576153358,1.172874510487792e-11,0.6949112768969018,1.439032626532497
0.0001882183179642114,1.185236771898194e-11,0.6940686887138262,1.4407795889094104
0.0001888458636837828,1.1977313318311632e-11,0.6932243192973105,1.44253450457949
0.00018947550172696207,1.2103596335153335e-11,0.6923781683131344,1.4442974168817826
0.0001901072390698439,1.2231231362986939e-11,0.69153023545229,1.446068369441515
0.0001907410827117816,1.2360233158337331e-11,0.6906805204311505,1.4478474061723354
0.0001913770396754654,1.2490616642648234e-11,0.6898290229916377,1.4496345712785734
0.00019201511700700006,1.2622396904178002e-11,0.6889757429013902,1.451429909257524
0.0001926553217759836,1.2755589199918228e-11,0.6881206799539308,1.4532334649017515
0.00019329766107558437,1.2890208957534634e-11,0.6872638339688376,1.4550452833014091
0.00019394214202262061,1.3026271777331588e-11,0.686405204791912,1.4568654098465879
0.0001945887717576388,1.3163793434239609e-11,0.6855447922953493,1.4586938902296787
0.00019523755744499353,1.3302789879826823e-11,0.6846825963779074,1.4605307704477632
0.00019588850627292578,1.3443277244333914e-11,0.6838186169650796,1.4623760968050197
0.00019654162545364328,1.3585271838733735e-11,0.6829528540092638,1.464229915915156
0.00019719692222340004,1.3728790156815193e-11,0.6820853074899346,1.46609227470386
0.0001978544038425774,1.3873848877292244e-11,0.6812159774138142,1.4679632204112791
0.00019851407759576315,1.4020464865937572e-11,0.6803448638150457,1.469842800594514
0.00019917595079183294,1.4168655177742094e-11,0.6794719667553644,1.4717310631301406
0.00019984003076403174,1.431843705910026e-11,0.6785972863242707,1.4736280562167552
0.0002,1.4354682626542526e-11,0.6783867544122845,1.474085384916371
0.00020050632487005404,1.4469827950021058e-11,0.6777208226392042,1.475533828377539
0.00020117484049212605,1.4622845486365823e-11,0.6768425758457154,1.4774484284628506
0.00020184558503708738,1.477750750211257e-11,0.6759625461176408,1.4793719056528398
0.00020251856593647284,1.493383203164742e-11,0.6750807336572769,1.4813043094600846
0.00020319379064659556,1.509183731208362e-11,0.6741971386955536,1.4832456897322561
0.0002038712666486285,1.525154178560786e-11,0.6733117614922102,1.4851960966548026
0.00020455100144868785,1.541296410185509e-11,0.6724246023359699,1.4871555807536627
0.0002052330025779168,1.5576123120311786e-11,0.6715356615447147,1.4891241928980035
0.00020591727759256787,1.574103791274754e-11,0.6706449394656617,1.4911019843029798
0.00020660383407408728,1.5907727765676305e-11,0.6697524364755393,1.4930890065325235
0.0002072926796291989,1.6076212182846874e-11,0.6688581529807627,1.4950853115021556
0.00020798382188998821,1.62465108877633e-11,0.6679620894176108,1.4970909514818267
0.0002086772685139878,1.64186438262357e-11,0.6670642462524026,1.4991059790987835
0.00020937302718426084,1.6592631168961286e-11,0.6661646239816753,1.5011304473404576
0.00021007110560948686,1.6768493314136775e-11,0.6652632231323611,1.5031644095573873
0.00021077151152404792,1.6946250890102274e-11,0.6643600442619635,1.505207919466166
0.00021147425268811283,1.7125924758016364e-11,0.663455087958738,1.5072610311524095
0.00021217933688772415,1.7307536014564e-11,0.6625483548418675,1.5093237990737645
0.00021288677193488417,1.7491105994696633e-11,0.6616398455616423,1.5113962780629329
0.0002135965656676412,1.76766562744054e-11,0.6607295607996384,1.5134785233307322
0.0002143087259501774,1.7864208673527926e-11,0.6598175012688952,1.5155705904691825
0.0002150232606728945,1.80537852585884e-11,0.658903667714096,1.5176725354546192
0.0002157401777525019,1.8245408345672394e-11,0.6579880609117469,1.5197844146508392
0.00021645948513210507,1.8439100503336372e-11,0.6570706816703553,1.5219062848122757
0.00021718119078129226,1.8634884555551747e-11,0.6561515308306108,1.5240382030872006
0.0002179053026962236,1.8832783584685086e-11,0.6552306092655648,1.5261802270209577
0.0002186318288997195,1.9032820934513957e-11,0.6543079178808097,1.5283324145592296
0.0002193607774413494,1.9235020213279313e-11,0.6533834576146603,1.5304948240513312
0.00022009215639752172,1.9439405296774964e-11,0.6524572294383328,1.5326675142535382
0.00022082597387157208,1.964600033147381e-11,0.6515292343561269,1.5348505443324412
0.00022156223799385373,1.9854829737692566e-11,0.6505994734056055,1.537043973868338
0.00022230095692182833,2.0065918212794588e-11,0.6496679476577754,1.5392478628586561
0.0002230421388401549,2.0279290734431116e-11,0.6487346582172695,1.5414622717214028
0.0002237857919607816,2.0494972563822302e-11,0.6477996062225265,1.5436872612986563
0.00022453192452303594,2.071298924907761e-11,0.6468627928459734,1.5459228928600834
0.0002252805447937173,2.0933366628556967e-11,0.6459242192942054,1.5481692281064945
0.00022603166106718698,2.1156130834271857e-11,0.644983886808169,1.5504263291734293
0.00022678528166546105,2.138130829532862e-11,0.6440417966633425,1.5526942586347796
0.00022754141493830208,2.1608925741412837e-11,0.6430979501699186,1.554973079506444
0.00022830006926331258,2.1839010206316687e-11,0.6421523486729842,1.5572628552500234
0.00022906125304602648,2.207158903150841e-11,0.6412049935527048,1.5595636497765415
0.00022982497472000312,2.2306689869745876e-11,0.640255886224505,1.5618755274502094
0.00023059124274692026,2.2544340688733602e-11,0.6393050281392505,1.5641985530922253
0.00023136006561666876,2.278456977482485e-11,0.6383524207834299,1.5665327919846084
0.00023213145184744523,2.3027405736768002e-11,0.6373980656793379,1.5688783098740684
0.00023290540998584735,2.3272877509499237e-11,0.6364419643852558,1.5712351729759173
0.00023368194860696808,2.35210143579811e-11,0.6354841184956352,1.5736034479780132
0.00023446107631449172,2.3771845881088323e-11,0.6345245296412781,1.5759832020447493
0.00023524280174078756,2.4025402015540092e-11,0.6335631994895217,1.5783745028210698
0.0002360271335470068,2.4281713039881356e-11,0.6326001297444178,1.5807774184365384
0.00023681408042317773,2.454080957851211e-11,0.6316353221469172,1.5831920175094354
0.00023760365108830322,2.4802722605766317e-11,0.6306687784750491,1.5856183691509038
0.0002383958542904557,2.5067483450040073e-11,0.6297005005441066,1.5880565429691225
0.00023919069880687515,2.533512379797089e-11,0.6287304902068258,1.5905066090735351
0.00023998819344406579,2.5605675698667652e-11,0.627758749353569,1.5929686380791097
0.0002407883470378947,2.5879171567992865e-11,0.626785279912506,1.5954427011106447
0.0002415911684536882,2.6155644192896502e-11,0.6258100838497966,1.5979288698071128
0.00024239666658633114,2.643512673580376e-11,0.6248331631697726,1.6004272163260505
0.0002432048503603648,2.671765273905604e-11,0.6238545199151174,1.6029378133479926
0.00024401572873008687,2.7003256129407004e-11,0.6228741561670499,1.6054607340809433
0.00024482931067964917,2.729197122257279e-11,0.6218920740455046,1.6079960522648964
0.0002456456052231582,2.758383272783907e-11,0.6209082757093134,1.6105438421763982
0.0002464646214047744,2.7878875752724032e-11,0.6199227633563867,1.613104178633155
0.0002472863682988135,2.8177135807699282e-11,0.6189355392238933,1.6156771369986893
0.00024811085500984543,2.8478648810967808e-11,0.617946605588443,1.6182627931870335
0.00024893809067279635,2.8783451093301545e-11,0.6169559647662667,1.6208612236674773
0.00024976808445304914,2.9091579402938062e-11,0.6159636191133961,1.6234725054693604
0.00025060084554654627,2.9403070910537966e-11,0.6149695710258439,1.626096716186914
0.00025143638317988974,2.9717963214202435e-11,0.6139738229397859,1.6287339339841411
0.0002522747066104448,3.003629434455341e-11,0.6129763773317386,1.631384237599758
0.0002531158251264415,3.0358102769876036e-11,0.6119772367187405,1.634047706352175
0.0002539597480470793,3.068342740132501e-11,0.6109764036585292,1.6367244201445357
0.0002548064847226279,3.101230759819402e-11,0.6099738807497237,1.6394144594697926
0.0002556560445345325,3.13447831732514e-11,0.6089696706320014,1.6421179054158466
0.00025650843689551783,3.168089439814145e-11,0.6079637759862762,1.644834839670733
0.0002573636712496913,3.2020682008851694e-11,0.6069561995348787,1.6475653445278553
0.0002582217570726484,3.2364187211248666e-11,0.6059469440417328,1.6503095028912762
0.0002590827038715777,3.2711451686681795e-11,0.6049360123125337,1.653067398281061
0.00025994652118536575,3.306251759765641e-11,0.6039234071949264,1.6558391148386689
0.0002608132185847037,3.3417427593577596e-11,0.6029091315786806,1.658624737332409
0.00026168280567219216,3.377622481656426e-11,0.6018931883958697,1.6614243511629383
0.0002625552920824479,3.4138952907335946e-11,0.6008755806210457,1.6642380423688246
0.0002634306874822117,3.4505656011172785e-11,0.5998563112714158,1.6670658976321613
0.0002643090015704539,3.4876378783948467e-11,0.5988353834070179,1.6699080042842385
0.00026519024407848263,3.5251166398238896e-11,0.5978128001308958,1.6727644503112717
0.00026607442477005164,3.5630064549506436e-11,0.5967885645892742,1.675635324360189
0.000266961553441468,3.601311946236075e-11,0.5957626799717333,1.6785207157444744
0.000267851639921702,3.640037789689818e-11,0.594735149511381,1.6814207144500777
0.0002687446940724941,3.679188715511867e-11,0.5937059764850285,1.6843354111413715
0.00026964072578846516,3.718769508742358e-11,0.5926751642133637,1.6872648971671755
0.0002705397449972271,3.758785009919441e-11,0.5916427160611203,1.6902092645668503
0.00027144176165949066,3.799240115745237e-11,0.5906086354372541,1.6931686060764335
0.0002723467857691776,3.8401397797602046e-11,0.5895729257951111,1.6961430151348587
0.0002732548273535306,3.8814890130258605e-11,0.5885355906326016,1.6991325858902193
0.00027416589647322426,3.923292884815998e-11,0.587496633492368,1.7021374132061144
0.00027508000322247776,3.965556523316618e-11,0.5864560579619555,1.7051575926680458
0.00027599715772916495,4.008285116334439e-11,0.5854138676739827,1.7081932205898827
0.0002769173701549273,4.0514839120143815e-11,0.5843700663063095,1.7112443940203974
0.00027784065069528754,4.0951582195660456e-11,0.5833246575822039,1.714311210749868
0.0002787670095797608,4.1393134099990916e-11,0.5822776452705125,1.717393769316738
0.0002796964570719691,4.183954916868014e-11,0.5812290331858253,1.72049216901436
0.0002806290034697547,4.22908823702612e-11,0.5801788251886426,1.7236065098977964
0.00028156465910529426,4.274718931388977e-11,0.5791270251855409,1.7267368927906959
0.0002825034343452138,4.320852625707464e-11,0.5780736371293377,1.7298834192922397
0.0002834453395907025,4.367495011350411e-11,0.5770186650192554,1.7330461917841593
0.0002843903852776286,4.4146518460971345e-11,0.5759621129010863,1.736225313437824
0.0002853385818766555,4.462328954939936e-11,0.5749039848673534,1.7394208882214102
0.00028628993989335673,4.510532230896544e-11,0.5738442850574744,1.742633020907132
0.00028724446986833286,4.5592676358328923e-11,0.5727830176579227,1.7458618170785567
0.0002882021823773281,4.608541201296156e-11,0.5717201869023878,1.7491073831379933
0.0002891630880313486,4.658359029358347e-11,0.5706557970719341,1.7523698263139607
0.0002901271974767779,4.708727293470351e-11,0.5695898524951627,1.7556492546687226
0.0002910945213954967,4.7596522393268797e-11,0.568522357548367,1.7589457771059163
0.000292065070505,4.811140185742219e-11,0.5674533166556921,1.7622595033782487
0.0002930388555585174,4.8631975255370766e-11,0.5663827342892896,1.7655905440952813
0.0002940158873451303,4.915830726436476e-11,0.565310614969475,1.7689390107312895
0.00029499617668989276,4.969046331979111e-11,0.5642369632648817,1.772305015633208
0.0002959797344539506,5.0228509624380706e-11,0.5631617837926159,1.7756886720286573
0.0002969665715346633,5.077251315753304e-11,0.562085081218407,1.7790900940340637
0.0002979566988657226,5.1322541684756574e-11,0.5610068602567637,1.7825093966628434
0.00029895012741727495,5.187866376723029e-11,0.5599271256711227,1.7859466958336956
0.00029994686819604256,5.2440948771485e-11,0.558845882273999,1.7894021083789708
0.0003,5.2471043236868056e-11,0.5587883047388779,1.789586488334434
0.00030094693224544644,5.30094668792081e-11,0.5577631349271355,1.792875752053131
0.00030195033064572694,5.358428909717054e-11,0.5566788885416518,1.7963677455412934
0.0003029570745140678,5.416548726728135e-11,0.5555931480781912,1.7998782084678724
0.00030396717500471855,5.475313407676823e-11,0.5545059185470664,1.8034072614053083
0.0003049806433091197,5.534730306848859e-11,0.5534172050084045,1.8069550258828933
0.0003059974906560244,5.594806865136885e-11,0.5523270125722926,1.8105216243956794
0.00030701772831162437,5.6555506110978474e-11,0.5512353463989192,1.8141071804134956
0.0003080413675796741,5.716969162023707e-11,0.550142211698717,1.8177118183900522
0.00030906841980161726,5.779070225025817e-11,0.549047613732503,1.8213356637721438
0.00031009889635671045,5.841861598132923e-11,0.5479515578116191,1.8249788430089493
0.00031113280866215074,5.905351171403294e-11,0.5468540492980698,1.8286414835614342
0.00031217016817320124,5.96954692805086e-11,0.5457550936046599,1.8323237139118504
0.0003132109863833195,6.034456945585837e-11,0.5446546961951302,1.8360256635733403
0.0003142552748242828,6.100089396969612e-11,0.543552862584293,1.8397474630996393
0.00031530304506631744,6.166452551784605e-11,0.5424495983381651,1.843489244094889
0.000316354308718226,6.233554777418847e-11,0.5413449090741015,1.8472511392235444
0.00031740907742751725,6.301404540265814e-11,0.5402388004609244,1.851033282220406
0.0003184673628805337,6.370010406939383e-11,0.5391312782190549,1.8548358079007412
0.00031952917680258146,6.439381045504401e-11,0.5380223481206416,1.8586588521705205
0.0003205945309580615,6.509525226723044e-11,0.5369120159896857,1.862502552036776
0.00032166343715059787,6.580451825316876e-11,0.5358002877021696,1.866367045618051
0.00032273590722317,6.65216982124523e-11,0.5346871691861792,1.8702524721549805
0.00032381195305824335,6.724688300999847e-11,0.5335726664220287,1.874158972020975
0.00032489158657790073,6.798016458916086e-11,0.5324567854423816,1.8780866867330257
0.0003259748197439759,6.872163598501005e-11,0.53133953233237,1.8820357589626284
0.0003270616645581841,6.94713913377825e-11,0.5302209132297149,1.8860063325468195
0.0003281521330622558,7.022952590650337e-11,0.5291009343248434,1.8899985524993355
0.0003292462373380713,7.099613608278467e-11,0.5279796018610032,1.8940125650218995
0.0003303439895077925,7.177131940479732e-11,0.526856922134379,1.8980485175156192
0.00033144540173399875,7.255517457142601e-11,0.5257329014942035,1.9021065585925205
0.00033255048621982095,7.334780145660354e-11,0.52460754634287,1.9061868380872007
0.00033365925520907657,7.414930112382988e-11,0.5234808631360415,1.9102895070686117
0.00033477172098640674,7.495977584087902e-11,0.5223528583827581,1.914414717851974
0.0003358878958774103,7.577932909469225e-11,0.5212235386455454,1.9185626240108151
0.0003370077922487811,7.660806560646527e-11,0.5200929105405182,1.9227333803891455
0.00033813142250844666,7.744609134692995e-11,0.5189609807374828,1.926927143113774
0.0003392587991057028,7.829351355182991e-11,0.5178277559600405,1.931144069606743
0.00034038993453135353,7.915044073759876e-11,0.5166932429856862,1.9353843185979165
0.000341524841317849,8.001698271723859e-11,0.5155574486459071,1.9396480501376978
0.00034266353203942374,8.089325061640352e-11,0.5144203798262791,1.9439354256098917
0.0003438060193122377,8.177935688969241e-11,0.5132820434665603,1.9482466077447123
0.0003449523157945136,8.267541533714875e-11,0.5121424465607854,1.952581760631925
0.0003461024341866788,8.358154112097634e-11,0.5110015961573566,1.9569410497341428
0.00034725638723150613,8.449785078247117e-11,0.5098594993591313,1.9613246419002717
0.00034841418771425404,8.542446225916969e-11,0.5087161633235112,1.9657327053790965
0.0003495758484628088,8.636149490222161e-11,0.5075715952625275,1.9701654098330255
0.0003507413823478268,8.730906949398613e-11,0.5064258024429235,1.9746229263519894
0.0003519108022828765,8.826730826585662e-11,0.5052787921862377,1.979105427467488
0.00035308412122458303,8.923633491631699e-11,0.5041305718688822,1.9836130871668043
0.00035426135217276976,9.021627462922981e-11,0.5029811489222219,1.9881460809073666
0.00035544250817060307,9.120725409236399e-11,0.50183053083265,1.992704585631278
0.0003566276023047383,9.220940151616301e-11,0.5006787251416599,1.997288779780016
0.0003578166477054623,9.322284665275442e-11,0.4995257394459206,2.0018988433092777
0.00035900965754684047,9.424772081520874e-11,0.49837158139734367,2.006534957704011
0.0003602066450468624,9.52841568970479e-11,0.49721625870315195,2.011197305993608
0.0003614076234675879,9.633228939200693e-11,0.49605977912594534,2.0158860727672674
0.00036261260611529533,9.739225441405457e-11,0.49490215048376357,2.0206014441895364
0.000363821606340627,9.846418971767119e-11,0.49374338065014817,2.0253436080160236
0.00036503463753873814,9.954823471839398e-11,0.49258347755420245,2.0301127536092864
0.0003662517131494462,1.0064453051362961e-10,0.4914224491806463,2.0349090719549143
0.00036747284665737776,1.0175321990373587e-10,0.4902603035698733,2.0397327556777745
0.0003686980515921196,1.0287444741338083e-10,0.48909704881800214,2.0445839990584567
0.0003699273415283677,1.0400835931317994e-10,0.4879326930769274,2.0494629980498975
0.00037116073008607774,1.0515510364161522e-10,0.48676724455436754,2.0543699502941983
0.0003723982309306172,1.0631483022724278e-10,0.4856007115139098,2.059305055139639
0.0003736398577729148,1.0748769071118747e-10,0.4844331022750556,2.0642685136578702
0.0003748856243696133,1.086738385699341e-10,0.48326442521325996,2.0692605286613217
0.0003761355445232231,1.0987342913841796e-10,0.48209468875997064,2.0742813047208
0.0003773896320822729,1.1108661963341373e-10,0.4809239014026651,2.0793310481832883
0.0003786479009414649,1.1231356917723501e-10,0.4797520716848839,2.084409967189951
0.00037991036504182783,1.13554438821742e-10,0.47857920820626226,2.089518271694351
0.00038117703837087154,1.1480939157266468e-10,0.4774053196225599,2.0946561734808635
0.00038244793496274325,1.1607859241424675e-10,0.4762304146456853,2.099823886183327
0.00038372306889838086,1.1736220833420935e-10,0.47505450204372285,2.105021625303874
0.0003850024543056699,1.18660408349046e-10,0.47387759064095264,2.110249608232012
0.0003862861053596016,1.1997336352965045e-10,0.47269968931786893,2.115508054263911
0.00038757403628242716,1.2130124702727743e-10,0.47152080701119814,2.1207971846219102
0.0003888662613438169,1.226442340998487e-10,0.4703409527139119,2.1261172224742606
0.00039016279486101923,1.2400250213860584e-10,0.469160135475237,2.131468392955099
0.0003914636511990171,1.2537623069510954e-10,0.4679783644006662,2.136850923184637
0.0003927688447706887,1.2676560150859963e-10,0.46679564865196255,2.142265042289605
0.00039407839003696677,1.2817079853371328e-10,0.46561199744716303,2.147710981423924
0.0003953923015069983,1.2959200796856883e-10,0.46442742006057874,2.1531889737896237
0.00039671059373830693,1.3102941828322243e-10,0.46324192582279233,2.1586992546580035
0.00039803328133695206,1.324832202484965e-10,0.4620555241206537,2.164242061391038
0.0003993603789576915,1.3395360696519256e-10,0.46086822439727226,2.1698176334630346
0.00040069190130414536,1.3544077389369028e-10,0.4596800361520042,2.1754262124825585
0.0004020278631289565,1.3694491888393443e-10,0.45849096894044183,2.1810680422145903
0.00040336827923395527,1.38466242205822e-10,0.45730103237439496,2.1867433686029694
0.0004047131644703236,1.4000494657999124e-10,0.45611023612187307,2.1924524397930836
0.0004060625337387588,1.4156123720901676e-10,0.45491858990706224,2.198195506154838
0.0004074164019896404,1.431353218090212e-10,0.4537261035102995,2.203972820305897
0.0004087747842231932,1.4472741064170159e-10,0.4525327867680465,2.2097846371351815
0.00041013769548965494,1.4633771654678433e-10,0.4513386495728573,2.2156312138266703
0.0004115051508894442,1.4796645497491172e-10,0.4501437018733435,2.2215128098834738
0.0004128771655733251,1.496138440209603e-10,0.4489479536741388,2.2274296871521835
0.0004142537547425768,1.512801044578067e-10,0.447751415035858,2.2333821098475264
0.00041563493364916185,1.5296545977054109e-10,0.4465540960750534,2.2393703445773063
0.00041702071759589437,1.5467013619113445e-10,0.44535600696416944,2.245394660367641
0.00041841112193661135,1.563943627335703e-10,0.44415715793149135,2.2514553286885093
0.0004198061620763406,1.5813837122943985e-10,0.4429575592610949,2.2575526234795884
0.00042120585347147206,1.5990239636401442e-10,0.4417572212927892,2.2636868211764147
0.0004226102116299309,1.6168667571280086e-10,0.44055615442205714,2.269858200736858
0.0004240192521113465,1.6349144977857783e-10,0.43935436909999476,2.276067043667899
0.0004254329905272266,1.6531696202893302e-10,0.4381518758332446,2.282313634052746
0.00042685144254112984,1.6716345893429824e-10,0.43694868518392727,2.2885982585782685
0.000428274623868839,1.6903119000649268e-10,0.4357448077695698,2.294921206562762
0.0004297025502785365,1.709204078377844e-10,0.4345402542630286,2.3012827699840597
0.000431135237590977,1.7283136814046845e-10,0.4333350353924134,2.3076832435079573
0.0004325727016796635,1.7476432978697936e-10,0.43212916194100354,2.3141229245170107
0.0004340149584710249,1.7671955485054146e-10,0.43092264474716174,2.320602113139673
0.0004354620239445897,1.7869730864635734e-10,0.4297154947042473,2.327121112279771
0.00043691391413316465,1.8069785977335498e-10,0.42850772276052246,2.3336802276463615
0.0004383706451230123,1.8272148015649228e-10,0.427299339919057,2.340279767783936
0.00043983223305402825,1.8476844508962683e-10,0.42609035723762906,2.3469200441030016
0.0004412986941199223,1.8683903327896695e-10,0.42488078582862127,2.353601370911033
0.0004427700445683949,1.8893352688709862e-10,0.42367063685891665,2.360324065443795
0.00044424630070131864,1.910522115776095e-10,0.42245992154978745,2.3670884478970597
0.00044572747887491995,1.931953765603139e-10,0.42124865117678084,2.373894841458711
0.00044721359549995795,1.9536331463707892e-10,0.42003683706960415,2.3807435723412285
0.000448704667041908,1.9755632224827575e-10,0.4188244906120024,2.3876349698145916
0.00045020071002114343,1.9977469951985094e-10,0.41761162324163503,2.39456936623957
0.0004517017410131184,2.020187503110337e-10,0.416398246449948,2.401547097101434
0.00045320777664855337,2.0428878226268874e-10,0.41518437178204065,2.4085685010440856
0.0004547188336136164,2.0658510684631512e-10,0.41397001083653256,2.415633919904593
0.00045623492865010963,2.0890803941371153e-10,0.4127551752654238,2.4227436987481648
0.0004577560785556559,2.1125789924731246e-10,0.4115398767739507,2.429898185903566
0.0004592823001838824,2.1363500961119931e-10,0.4103241271204414,2.4370977329989483
0.000460813610444609,2.1603969780280612e-10,0.4091079381161643,2.4443426949981464
0.00046235002630403533,2.1847229520532198e-10,0.4078913216251739,2.4516334302374205
0.00046389156478492805,2.2093313734080234e-10,0.4066742895641535,2.4589703004626466
0.0004654382429668116,2.2342256392400327e-10,0.4054568539022517,2.4663536708669915
0.00046699007798615434,2.2594091891693645e-10,0.40423902666091854,2.473783910129029
0.0004685470870365601,2.2848855058417168e-10,0.4030208199137353,2.481261390451355
0.0004701092873689601,2.310658115488881e-10,0.4018022457862389,2.488786487599688
0.00047167669629180067,2.3367305884967876e-10,0.400583316455748,2.49635958094243
0.00047324933117123775,2.3631065399813586e-10,0.39936404415117815,2.5039810534907665
0.0004748272094313283,2.389789630372115e-10,0.39814444115285846,2.5116512919392306
0.00047641034855422295,2.41678356600373e-10,0.3969245197923407,2.5193706867068095
0.0004779987660803618,2.444092099715669e-10,0.39570429245220606,2.5271396319785486
0.00047959247960866554,2.4717190314598844e-10,0.39448377156586845,2.534958525747684
0.00048119150679673225,2.4996682089168774e-10,0.393262969617372,2.542827769858314
0.00048279586536103424,2.5279435281201373e-10,0.39204189914118476,2.5507477700486123
0.00048440557307711157,2.556548934089012e-10,0.3908205727219903,2.5587189359945715
0.00048602064777977084,2.5854884214702886e-10,0.3895990029944726,2.566741681354322
0.0004876411073632818,2.6147660351884857e-10,0.3883772026430986,2.574816423813
0.0004892669697815778,2.64438587110505e-10,0.3871551844018948,2.582943585128201
0.0004908982530484513,2.674352076686489e-10,0.3859329610542219,2.5911235911759927
0.000492534975237756,2.704668851681697e-10,0.38471054543254396,2.5993568719975273
0.0004941771544836056,2.735340448808504e-10,0.383487950418193,2.60764386184625
0.0004958248089805773,2.7663711744496454e-10,0.3822651889411292,2.6159849992357143
0.0004974779569839094,2.7977653893581884e-10,0.3810422739796996,2.6243807269879875
0.0004991366168097061,2.829527509372674e-10,0.37981921856038836,2.6328314922827096
0.0005,2.8461655010634403e-10,0.3791841371672007,2.637241123720984
0.0005008008068351417,2.861662006142075e-10,0.3785960357575649,2.641337746706764
0.0005024705454986603,2.894173407860578e-10,0.3773727386932291,2.6498999463045796
0.0005041458513001836,2.9270663000125633e-10,0.37614934053674925,2.6585185516291006
0.0005058267428013141,2.9603453261277474e-10,0.3749258545045974,2.6671940277934016
0.0005075132386255407,2.9940151885466584e-10,0.3737022938600806,2.675926844522967
0.0005092053574584475,3.0280806491967443e-10,0.37247867191306516,2.684717476208666
0.000510903118047917,3.0625465303789564e-10,0.3712550020197013,2.693566401960379
0.0005126065392043398,3.0974177155653175e-10,0.37003129758213926,2.702474105661348
0.0005143156398008245,3.1326991502073977e-10,0.3688075720482408,2.7114410760232386
0.0005160304387734038,3.1683958425558705e-10,0.3675838389112907,2.720467806641877
0.0005177509551212461,3.2045128644914335e-10,0.3663601117096989,2.72955479605376
0.0005194772079068656,3.2410553523671096e-10,0.3651364040267005,2.738702547793277
0.0005212092162563332,3.2780285078622e-10,0.3639127294900515,2.7479115704506776
0.0005229469993594902,3.315437598848037e-10,0.36268910177171754,2.7571823777308215
0.0005246905764701578,3.353287960265568e-10,0.3614655345875628,2.766515488512657
0.0005264399669063523,3.3915849950151846e-10,0.3602420416970299,2.7759114269095173
0.0005281951900505003,3.430334174858813e-10,0.35901863690281643,2.7853707223301956
0.0005299562653496505,3.4695410413343893e-10,0.35779533405054886,2.794893909540814
0.0005317232123156916,3.5092112066830883e-10,0.35657214702844947,2.80448152872752
0.0005334960505255672,3.549350354789308e-10,0.3553490897669999,2.8141341255600048
0.0005352747996214928,3.5899642421336974e-10,0.3541261762386005,2.823852251255856
0.0005370594793111752,3.6310586987594023e-10,0.3529034204572223,2.8336364626457806
0.0005388501093680278,3.6726396292516164e-10,0.3516808364780594,2.8434873222396573
0.0005406467096313915,3.714713013730808e-10,0.35045843839717206,2.8534053982934977
0.0005424493000067558,3.757284908859717e-10,0.34923624035112644,2.863391264877287
0.0005442579004659761,3.80036144886421e-10,0.34801425651663176,2.87344550194371
0.0005460725310474973,3.8439488465684815e-10,0.3467925011101699,2.883568695397821
0.0005478932118565753,3.8880533944445097e-10,0.3455709883876225,2.893761437167616
0.000549719963065499,3.932681465676152e-10,0.3443497326438918,2.9040243252755675
0.0005515528049138163,3.9778395152380634e-10,0.3431287482125167,2.9143579639111157
0.0005533917577085548,4.023534080989551e-10,0.3419080494652872,2.924762963504101
0.0005552368418244486,4.0697717847837136e-10,0.34068765081184976,2.9352399407992222
0.0005570880777041652,4.116559333592082e-10,0.33946756669931033,2.9457895189314756
0.0005589454858585299,4.163903520644786e-10,0.3382478116118329,2.9564123275026
0.0005608090868667536,4.2118112265867653e-10,0.33702840007023277,2.9671090026585643
0.0005626789013766616,4.2602894206500435e-10,0.33580934663156414,2.9778801871681013
0.0005645549501049214,4.309345161842362e-10,0.3345906658887047,2.988726530502292
0.0005664372538372742,4.3589856001524986e-10,0.3333723724699334,2.9996486889152436
0.0005683258334287619,4.409217977772265e-10,0.3321544810385062,3.010647325525834
0.0005702207098039603,4.460049630335732e-10,0.3309370062922251,3.0217231104005835
0.000572121903957212,4.511487988175799e-10,0.3297199629630013,3.0328767206376654
0.0005740294369528563,4.5635405775982085e-10,0.32850336581641726,3.044108840452021
0.000575943329925464,4.6162150221735324e-10,0.3272872296512803,3.0554201612616696
0.0005778636040800717,4.669519044047223e-10,0.32607156929917375,3.066811381775179
0.0005797902806924161,4.723460465268001e-10,0.32485639962400215,3.078283208080333
0.0005817233811091716,4.778047209134965e-10,0.323641735521531,3.089836353734028
0.0005836629267481836,4.833287301563419e-10,0.32242759191892484,3.1014715398533643
0.0005856089390987077,4.889188872470084e-10,0.32121398377427707,3.1131894952080237
0.0005875614397216493,4.945760157177692e-10,0.32000092607613534,3.1249909563139133
0.0005895204502497991,5.003009497839242e-10,0.3187884338430254,3.136876667528063
0.0005914859923880749,5.060945344882376e-10,0.31757652212296644,3.148847381144874
0.000593458087913762,5.119576258474095e-10,0.31636520599298296,3.160903857493672
0.0005954367586767534,5.178910910005987e-10,0.3151545005586126,3.1730468650376116
0.0005974220265997943,5.238958083600515e-10,0.3139444209534074,3.1852771804739612
0.0005994139136787218,5.299726677638392e-10,0.3127349823384327,3.197595588835754
0.0006014124419827099,5.361225706307553e-10,0.3115261999017598,3.2100028835948673
0.0006034176336545162,5.423464301174059e-10,0.3103180888579519,3.2224998667665483
0.0006054295109107236,5.486451712775003e-10,0.3091106644475501,3.2350873490153558
0.0006074480960419884,5.550197312234039e-10,0.3079039419365503,3.2477661497626094
0.0006094734114132874,5.614710592899704e-10,0.30669793661587685,3.2605370972953356
0.0006115054794641643,5.680001172006865e-10,0.3054926638008521,3.2734010288767226
0.0006135443227089814,5.746078792361779e-10,0.30428813883065886,3.286358790858147
0.0006155899637371654,5.812953324050799e-10,0.30308437706780184,3.2994112387927337
0.0006176424252134586,5.88063476617342e-10,0.30188139389756136,3.31255923755054
0.000619701729878173,5.94913324859995e-10,0.30067920472744175,3.3258036614353665
0.000621767900547438,6.018459033753821e-10,0.2994778249866186,3.3391453943031753
0.000623840960113455,6.088622518419411e-10,0.2982772701253785,3.352585329682204
0.0006259209315447529,6.159634235575517e-10,0.297077555614553,3.3661243708947923
0.0006280078378864392,6.231504856254646e-10,0.2958786969449514,3.379763431180891
0.0006301017022604576,6.304245191428932e-10,0.2946807096267863,3.3935034338233474
0.0006322025478658433,6.377866193922761e-10,0.29348360918909466,3.4073453122749666
0.0006343103979789799,6.45237896035254e-10,0.2922874111791554,3.4212900102873656
0.0006364252759538591,6.527794733094226e-10,0.2910921311619001,3.435338482041682
0.0006385472052223368,6.604124902278632e-10,0.28989778471932176,3.4494916922811165
0.0006406762092943933,6.681381007815278e-10,0.28870438744987736,3.463750616445385
0.0006428123117583966,6.759574741445171e-10,0.28751195496788473,3.478116240807102
0.0006449555362813598,6.838717948822575e-10,0.2863205029029178,3.492589562610081
0.0006471059066092055,6.918822631626738e-10,0.2851300468991942,3.5071715902096536
0.0006492634465670282,6.999900949703572e-10,0.28394060261496057,3.521863343214976
0.0006514281800593585,7.081965223238039e-10,0.2827521857218714,3.536665852633401
0.0006536001310704294,7.165027934957528e-10,0.28156481190436367,3.5515801610169246
0.000655779323664439,7.249101732366597e-10,0.28037849685902927,3.566607322610718
0.0006579657819858186,7.334199430013848e-10,0.27919325629397956,3.581748403503841
0.0006601595302595023,7.420334011791221e-10,0.2780091059282069,3.597004481782119
0.0006623605927911916,7.507518633265989e-10,0.2768260614909425,3.6123766476832206
0.0006645689939676272,7.59576662404642e-10,0.2756441387210086,3.6278660037540043
0.0006667847582568585,7.685091490181173e-10,0.2744633533661661,3.643473665010146
0.0006690079102085137,7.775506916593086e-10,0.2732837211824597,3.6592007590980633
0.0006712384744540755,7.867026769548085e-10,0.272105257933554,3.6750484264592647
0.0006734764757071491,7.959665099159152e-10,0.27092797939007224,3.691017820496998
0.0006757219387637379,8.053436141926524e-10,0.26975190132892496,3.707110107745409
0.000677974888502521,8.148354323314446e-10,0.2685770395326345,3.7233264680411784
0.0006802353498851244,8.244434260364611e-10,0.26740340978866,3.739668094697601
0.0006825033479563999,8.341690764347514e-10,0.26623102788871295,3.7561361946812952
0.0006847789078447028,8.440138843451855e-10,0.26505990962807063,3.7727319887914765
0.0006870620547621687,8.53979370551254e-10,0.26389007080488586,3.7894567118418663
0.000689352814004996,8.640670760778217e-10,0.2627215272194901,3.8063116128453087
0.0006916512109537222,8.742785624718394e-10,0.2615542946736963,3.8232979552010655
0.0006939572710735071,8.846154120871225e-10,0.2603883889700938,3.840417016884928
0.0006962710199144165,8.950792283732441e-10,0.2592238259113407,3.8576700906421246
0.0006985924831117021,9.056716361685678e-10,0.2580606212994526,3.8750584841830773
0.0007009216863860873,9.163942819975428e-10,0.25689879093508644,3.8925835203820847
0.000703258655544052,9.27248834372276e-10,0.25573835061682076,3.9102465374789457
0.0007056034164781178,9.38236984098468e-10,0.25457931614043156,3.9280488892835974
0.0007079559951671378,9.493604445857897e-10,0.2534217032981634,3.9459919453838164
0.00071031641767658,9.60620952162706e-10,0.25226552787799955,3.964077091355975
0.0007126847101588178,9.720202663959034e-10,0.25111080566292526,3.982305728979002
0.0007150608988534229,9.83560170414332e-10,0.24995755243018675,4.00067927645155
0.000717445010087451,9.952424712379196e-10,0.24880578395055003,4.019199168612372
0.0007198370702757364,1.007069000111082e-09,0.24765551598755234,4.037866857164054
0.0007222371059211843,1.0190416128410546e-09,0.24650676429675072,4.056683810900118
0.0007246451436150634,1.0311621901411356e-09,0.24535954462496867,4.07565151593551
0.0007270612100373035,1.0434326379789336e-09,0.2442138727095351,4.09477147594063
0.0007294853319567867,1.0558548879296324e-09,0.24306976427752544,4.114045212378812
0.0007319175362316464,1.068430897534429e-09,0.2419272350449934,4.133474264747502
0.0007343578498095669,1.0811626506641824e-09,0.24078630071620194,4.153060190823026
0.0007368062997280774,1.0940521578883217e-09,0.23964697698285195,4.172804566909081
0.0007392629131148547,1.1071014568491575e-09,0.23850927952330436,4.192708988089042
0.0007417277171880232,1.1203126126416338e-09,0.2373732240018008,4.212775068482086
0.0007442007392564554,1.1336877181986107e-09,0.23623882606768082,4.233004441503222
0.0007466820067200773,1.147228894681779e-09,0.23510610135459403,4.253398760127327
0.0007491715470701684,1.1609382918782486e-09,0.23397506547971214,4.273959697157172
0.00075,1.1655278890185187e-09,0.23359989624291191,4.280823819202971
0.0007516693878896673,1.1748180886029476e-09,0.2328457340429349,4.294688945495595
0.0007541755568534804,1.1888704931069156e-09,0.23171812262609265,4.315588218421872
0.0007566900817287839,1.2030977434915025e-09,0.23059224679214899,4.336659249872261
0.0007592129903753339,1.2175021081286836e-09,0.22946812208439682,4.357903794724946
0.0007617443107457754,1.2320858860874908e-09,0.22834576402565265,4.379323629089344
0.0007642840708859502,1.2468514075666805e-09,0.22722518811744852,4.400920550599867
0.000766832298935211,1.2618010343337698e-09,0.22610640983921915,4.422696378714274
0.0007693890231267287,1.2769371601704421e-09,0.22498944464748888,4.4446529550165765
0.0007719542717878078,1.2922622113245364e-09,0.2238743079750534,4.466792143524711
0.000774528073340202,1.307778646968653e-09,0.2227610152301586,4.489115831002976
0.0007771104563004244,1.3234889596654456e-09,0.22164958179567953,4.511625927279292
0.0007797014492800676,1.3393956758397974e-09,0.220540023028293,4.53432436556747
0.0007823010809861184,1.3555013562578965e-09,0.21943235425764984,4.557213102794471
0.0007849093802212764,1.3718085965133578e-09,0.21832659078554426,4.580294119932787
0.0007875263758842754,1.388320027520505e-09,0.21722274788507884,4.603569422338067
0.0007901520969701993,1.40503831601487e-09,0.21612084079983065,4.627041040091973
0.0007927865725708055,1.4219661650610914e-09,0.21502088474301198,4.6507110283504645
0.0007954298318748499,1.4391063145682943e-09,0.21392289489662825,4.6745814676976005
0.0007980819041684052,1.456461541813011e-09,0.21282688641063727,4.698654464504815
0.0008007428188351878,1.4740346619698603e-09,0.21173287440210284,4.722932151295956
0.000803412605356886,1.4918285286500415e-09,0.2106408739543464,4.747416687118078
0.0008060912933134817,1.5098460344477347e-09,0.2095509001160993,4.772110257918059
0.000808778912383581,1.5280901114946075e-09,0.20846296790065003,4.797015076925238
0.0008114754923447432,1.546563732022491e-09,0.20737709228499068,4.8221333850401225
0.0008141810630738085,1.5652699089343582e-09,0.20629328820896245,4.847467451229249
0.0008168956545472336,1.5842116963837806e-09,0.2052115705743961,4.8730195729264025
0.0008196192968414181,1.6033921903628928e-09,0.20413195424425531,4.898792076440144
0.0008223520201330406,1.6228145292990966e-09,0.20305445404177488,4.92478731736792
0.0008250938546993951,1.642481894660617e-09,0.2019790847495972,4.951007681016805
0.0008278448309187221,1.6623975115709577e-09,0.20090586110890987,4.9774555828309355
0.000830604979270548,1.6825646494325277e-09,0.1998347978185792,5.004133468825854
0.000833374330336022,1.7029866225594792e-09,0.19876590953428347,5.031043816029823
0.0008361529147982545,1.7236667908199348e-09,0.1976992108676446,5.0581891329322435
0.0008389407634426599,1.7446085602877766e-09,0.19663471638535748,5.0855719599393465
0.000841737907157293,1.7658153839040382e-09,0.19557244060832105,5.1131948698371605
0.0008445443769331934,1.7872907621481947e-09,0.19451239801076514,5.141060468262058
0.0008473602038647321,1.8090382437194193e-09,0.19345460301937642,5.169171394178923
0.0008501854191499498,1.8310614262279049e-09,0.1923990700124263,5.197530320367006
0.0008530200540909071,1.8533639568965552e-09,0.19134581331889491,5.226139953913758
0.0008558641400940298,1.875949533273058e-09,0.19029484721759488,5.255003036716692
0.0008587177086704562,1.8988219039525924e-09,0.18924618593629583,5.284122345993386
0.0008615807914363897,1.9219848693113105e-09,0.18819984365084538,5.313500694799902
0.0008644534201134435,1.945442282250697e-09,0.18715583448429324,5.343140932557588
0.0008673356265289957,1.9691980489530917e-09,0.18611417250601167,5.373045945588582
0.0008702274426165432,1.9932561296484794e-09,0.18507487173081616,5.4032186576601235
0.0008731289004160514,2.017620539392664e-09,0.18403794611808752,5.433662030537726
0.0008760400320743121,2.0422953488571425e-09,0.18300340957089126,5.464379064547556
0.0008789608698452987,2.067284685130726e-09,0.1819712759350986,5.495372799148023
0.000881891446090523,2.092592732533173e-09,0.1809415589985065,5.526646313510839
0.0008848317932793975,2.1182237334410073e-09,0.17991427248995648,5.558202727111736
0.000887781943989589,2.1441819891256253e-09,0.17888943007845717,5.590045200330846
0.0008907419309073831,2.17047186060402e-09,0.1778670453723034,5.622176935063178
0.0008937117868280484,2.1970977695022486e-09,0.1768471319181958,5.65460117533922
0.0008966915446561951,2.2240641989317723e-09,0.17582970320036356,5.687321207955791
0.0008996812374061423,2.2513756943790062e-09,0.17481477263968456,5.72034036311752
0.0009026808982022837,2.2790368646081823e-09,0.17380235359280766,5.753662015088974
0.0009056905602794533,2.3070523825777562e-09,0.17279245935127463,5.787289582857733
0.0009087102569832973,2.33542698637063e-09,0.17178510314064274,5.821226530808593
0.0009117400217706382,2.3641654801382407e-09,0.17078029811960999,5.855476369408997
0.000914779888209848,2.393272735058938e-09,0.16977805737913876,5.890042655906096
0.0009178298899812232,2.422753690310766e-09,0.1687783939415806,5.924928995035531
0.000920890060877352,2.4526133540588025e-09,0.1677813207598046,5.960139039742082
0.0009239604348034929,2.4828568044574435e-09,0.16678685071632404,5.995676491912598
0.0009270410457779493,2.51348919066775e-09,0.16579499662242528,6.03154510312129
0.000930131927932445,2.544515733890107e-09,0.16480577121729875,6.067748675387622
0.0009332331155125066,2.5759417284125066e-09,0.1638191871671691,6.1042910619471655
0.0009363446428778373,2.6077725426745513e-09,0.16283525706443017,6.141176168035421
0.0009394665445027001,2.640013620347581e-09,0.1618539934267792,6.178407951685097
0.000942598854976303,2.6726704814311264e-09,0.16087540869635206,6.215990424536995
0.000945741609003176,2.7057487233658188e-09,0.15989951523886348,6.253927652664644
0.0009488948414035598,2.739254022163226e-09,0.1589263253427458,6.29222375741317
0.0009520585871137909,2.7731921335527178e-09,0.15795585121829164,6.330882916252474
0.0009552328811866871,2.8075688941456786e-09,0.15698810499679838,6.3699093636450606
0.0009584177587919398,2.842390222617382e-09,0.15602309872971332,6.409307391928873
0.0009616132552164986,2.877662120906677e-09,0.155060844387784,6.449081352215195
0.000964819405864964,2.9133906754339144e-09,0.1541013538602089,6.489235655302142
0.000968036246259984,2.949582058337352e-09,0.1531446389537896,6.52977477260398
0.0009712638120426404,2.9862425287282e-09,0.15219071139208895,6.570703237096382
0.0009745021389728483,3.02337843396482e-09,0.1512395828145887,6.612025644278219
0.0009777512629297518,3.0609962109462015e-09,0.1502912647758516,6.653746653149979
0.0009810112199121193,3.099102387425086e-09,0.14934576874468602,6.695870987209215
0.0009842820460387476,3.1377035833410882e-09,0.1484031061033122,6.738403435463411
0.0009875637775488553,3.176806512173979e-09,0.14746328814653514,6.781348853460354
0.0009908564508024872,3.216417982317632e-09,0.14652632608091715,6.824712164336693
0.0009941601022809212,3.256544898474906e-09,0.14559223102395413,6.868498359884815
0.000997474768587065,3.2971942630735945e-09,0.144661014003258,6.912712501638336
0.001,3.328425369611649e-09,0.14395558409594195,6.946587076007631
0.0010008004864458663,3.3383731777041255e-09,0.14373268595573996,6.9573597219767604
0.001004137292704722,3.3800888445791e-09,0.14280725772679698,7.00244522524961
0.0010074852243338766,3.4223485680149468e-09,0.14188474006950633,7.047974288920156
0.0010108443184268455,3.465159755936465e-09,0.14096514364381693,7.0939522647296815
0.0010142146122008153,3.5085299214040193e-09,0.14004847901575154,7.1403845798819985
0.0010175961429970592,3.552466684164204e-09,0.13913475665660893,7.18727673824914
0.0010209889482813545,3.5969777722242315e-09,0.13822398694217083,7.2346343215984135
0.001024393065644392,3.642071023450216e-09,0.13731618015191463,7.282462990841191
0.0010278085328021944,3.687754387190022e-09,0.136411346468229,7.330768487303993
0.0010312353875965392,3.73403592592097e-09,0.13550949597563303,7.379556634022293
0.0010346736679953663,3.7809238169225046e-09,0.13461063866000472,7.4288333370571715
0.0010381234120932135,3.828426353974851e-09,0.13371478440780638,7.478604586835943
0.001041584658111626,3.876551949083343e-09,0.13282194300532296,7.528876459516362
0.001045057444399586,3.925309134229342e-09,0.13193212413789968,7.579655118375628
0.0010485418094339388,3.974706563148051e-09,0.13104533738918597,7.63094681522428
0.0010520377918198137,4.0247530131334e-09,0.13016159224038723,7.682757891845416
0.0010555454302910556,4.075457386870814e-09,0.12928089806951779,7.7350947814600834
0.0010590647637106563,4.126828714298094e-09,0.1284032641506613,7.787964010219048
0.0010625958310711758,4.178876154494701e-09,0.1275286996532384,7.841372198721439
0.001066138671495188,4.231608997600398e-09,0.12665721364127447,7.895326063561251
0.0010696933242357015,4.2850366667630485e-09,0.12578881507267947,7.949832418901557
0.001073259828676601,4.339168720116608e-09,0.12492351279852948,8.004898178077582
0.0010768382243330854,4.394014852789508e-09,0.12406131556235461,8.060530355228973
0.0010804285508520992,4.449584898943858e-09,0.12320223199943488,8.116736066961733
0.0010840308480127756,4.505888833846183e-09,0.1223462706361,8.173522534040655
0.001087645155726881,4.562936775970091e-09,0.12149343988903544,8.230897083112783
0.0010912715140392454,4.620738989131108e-09,0.12064374806459847,8.288867148462197
0.0010949099631282217,4.679305884654901e-09,0.1197972033581337,8.347440273797547
0.0010985605433061184,4.7386480235784845e-09,0.11895381385330257,8.406624114071954
0.0011022232950196507,4.798776118885694e-09,0.11811358752141474,8.466426437336803
0.001105898258850392,4.859701037777219e-09,0.11727653222076717,8.526855126629686
0.0011095854755152172,4.9214338039754805e-09,0.1164426556959916,8.587918181897184
0.001113284985866757,4.983985600065379e-09,0.11561196557740779,8.649623721953345
0.0011169968308938538,5.047367769871228e-09,0.11478446938038235,8.71197998647462
0.0011207210517220057,5.111591820870216e-09,0.11396017450469961,8.774995338031541
0.0011244576896138365,5.176669426643727e-09,0.11313908823393273,8.838678264158748
0.0011282067859695402,5.242612429366101e-09,0.11232121773482895,8.903037379463138
0.0011319683823273453,5.309432842332329e-09,0.11150657005669852,8.968081427771683
0.0011357425203639775,5.377142852524888e-09,0.11069515213081119,9.033819284319474
0.0011395292418951155,5.445754823220199e-09,0.10988697076980312,9.100259957978562
0.0011433285888758566,5.515281296635761e-09,0.10908203266708907,9.167412593528871
0.001147140603401186,5.585734996618374e-09,0.10828034439628254,9.235286473971835
0.0011509653277064359,5.657128831373922e-09,0.10748191241062638,9.303891022887433
0.0011548028041677568,5.729475896239803e-09,0.10668674304242905,9.37323580683593
0.0011586530753025916,5.802789476500442e-09,0.10589484250250929,9.44333053780503
0.001162516183770134,5.877083050246365e-09,0.10510621687965226,9.514185075703093
0.001166392172371818,5.9523702912782456e-09,0.10432087214006845,9.58580943090018
0.0011702810840517786,6.028665072055639e-09,0.10353881412686708,9.658213766816864
0.0011741829618973317,6.105981466691987e-09,0.10276004855953472,9.73140840256263
0.0011780978491394568,6.1843337539963484e-09,0.10198458103342249,9.805403815624627
0.0011820257891532674,6.2637364205622205e-09,0.10121241701924491,9.880210644607532
0.0011859668254584953,6.344204163904878e-09,0.10044356186258473,9.9558396920261
0.0011899210017199786,6.425751895647692e-09,0.09967802078340757,10.032301927151229
0.001193888361748131,6.508394744757734e-09,0.09891579887558839,10.109608488910377
0.0011978689494994443,6.592148060832696e-09,0.09815690110644214,10.187770688844301
0.0012018628090769631,6.677027417438449e-09,0.09740133231626864,10.26680001412027
0.0012058699847307774,6.763048615499249e-09,0.09664909721790457,10.346708130603693
0.0012098905208585168,6.850227686740875e-09,0.09590020039628445,10.427506885989196
0.0012139244620058345,6.938580897187497e-09,0.09515464630801353,10.509208312992113
0.0012179718528669058,7.028124750713509e-09,0.0944124392809486,10.591824632602085
0.0012220327382849267,7.118875992651039e-09,0.09367358351378806,10.67536825739999
0.0012261071632525987,7.210851613453587e-09,0.0929380830756756,10.759851794939022
0.001230195172912643,7.3040688524178126e-09,0.09220594190580837,10.845288051192355
0.0012342968125582886,7.398545201463013e-09,0.09147716381306036,10.931690034067588
0.0012384121276337778,7.494298408970337e-09,0.0907517524756133,11.019070956990266
0.0012425411637348744,7.591346483682282e-09,0.09002971144059756,11.10744424255774
0.0012466839666093604,7.689707698663131e-09,0.08931104412374591,11.196823526264444
0.001250840582157548,7.789400595322019e-09,0.08859575380905528,11.287222660300804
0.001255011056432792,7.890443987499143e-09,0.08788384364845932,11.378655717426975
0.001259195435641986,7.992856965615937e-09,0.0871753166615146,11.471136994922684
0.0012633937661460936,8.09665890089122e-09,0.08647017573509226,11.56468101861587
0.0012676060944606467,8.201869449623094e-09,0.08576842362308587,11.659302546990439
0.0012718324672562659,8.308508557538616e-09,0.08507006294612705,11.755016575375963
0.0012760729313591825,8.416596464212108e-09,0.08437509619131207,11.851838340220676
0.0012803275337517491,8.526153707552821e-09,0.0836835257119416,11.949783323449296
0.0012845963215729636,8.637201128363647e-09,0.08299535372726985,12.048867256908013
0.0012888793421189967,8.749759874971862e-09,0.08231058232226453,12.149106126898412
0.0012931766428437026,8.863851407932496e-09,0.08162921344738126,12.250516178801682
0.001297488271359162,8.979497504806788e-09,0.08095124891834417,12.353113921796362
0.0013018142754361952,9.096720265015381e-09,0.08027669041594356,12.456916133670012
0.0013061547030048977,9.215542114768735e-09,0.0796055394858411,12.561939865728354
0.001310509602155174,9.33598581207553e-09,0.07893779753838796,12.668202447803202
0.001314879021137263,9.458074451829966e-09,0.07827346584845542,12.775721493361383
0.0013192630083622768,9.58183147098001e-09,0.07761254555527623,12.884514904717209
0.0013236616124027419,9.707280653777504e-09,0.07695503766229708,12.994600878350742
0.0013280748819931225,9.834446137110913e-09,0.07630094303704625,13.105997910333453
0.0013325028660303806,9.963352415923663e-09,0.07565026241100793,13.218724801865184
0.001336945613574501,1.0094024348717324e-08,0.075002996379514,13.332800664922978
0.0013414031738490418,1.0226487163142857e-08,0.07435914540164433,13.448244928025849
0.0013458755962416835,1.036076646168054e-08,0.07371870980013992,13.56507734211732
0.001350362930304767,1.0496888227409725e-08,0.07308168976132988,13.68331798656817
0.0013548652257558478,1.0634878829870723e-08,0.07244808533506872,13.802987275302732
0.0013593825324782528,1.0774765031019913e-08,0.07181789643468592,13.924105963051149
0.0013639149005216162,1.0916573991278898e-08,0.07119112283695087,14.046695151729823
0.0013684623801024545,1.10603332756811e-08,0.07056776418204533,14.170776296954461
0.0013730250216047078,1.1206070860115037e-08,0.06994781997355301,14.296371214686834
0.0013776028755803024,1.1353815137667736e-08,0.06933128957845927,14.423502088019617
0.0013821959927497165,1.150359492506925e-08,0.06871817222716298,14.552191474102088
0.0013868044240025331,1.165543946923946e-08,0.06810846701350319,14.682462311209264
0.0013914282203980075,1.1809378453939677e-08,0.06750217289479674,14.814337925958572
0.00139606743316564,1.1965442006530571e-08,0.06689928869188806,14.947842040677122
0.0014007221137057268,1.2123660704837146e-08,0.06629981308921495,15.082998780922217
0.0014053923135899495,1.2284065584124648e-08,0.06570374463488228,15.219832683160307
0.0014100780845619312,1.2446688144184721e-08,0.0651110817407533,15.358368702605903
0.0014147794785378154,1.2611560356535551e-08,0.0645218226825508,15.498632221225808
0.0014194965476068454,1.277871467173719e-08,0.06393596559997171,15.640649055911693
0.0014242293440319333,1.294818402682346e-08,0.06335350849681605,15.78444546682457
0.0014289779202502422,1.312000185285325e-08,0.06277444924112743,15.930048165915855
0.0014337423288737741,1.3294202082582885e-08,0.06219878556534617,16.077484325628802
0.0014385226226899363,1.3470819158260596e-08,0.061626515066478295,16.226781587783623
0.0014433188546621471,1.3649888039547327e-08,0.0610576352062729,16.377968072652486
0.0014481310779304061,1.383144421156318e-08,0.060492143311417564,16.53107238822625
0.0014529593458118887,1.4015523693063837e-08,0.05993003657374357,16.686123639679504
0.0014578037118015417,1.420216304474813e-08,0.059371312050444915,16.843151439037573
0.0014626642295726669,1.4391399377698623e-08,0.05881596666431187,17.00218591504977
0.0014675409529775205,1.4583270361958242e-08,0.05826399720397598,17.163257723274764
0.0014724339360479136,1.4777814235244775e-08,0.0577154003241686,17.326398056382278
0.0014773432329958029,1.4975069811805127e-08,0.05717017254599384,17.491638654675956
0.0014822688982138944,1.5175076491412378e-08,0.05662831025721333,17.65901181684332
0.0014872109862762535,1.537787426850787e-08,0.05608980971254411,17.828550410937776
0.0014921695519388922,1.558350374148961e-08,0.05555466703397192,18.000287885597366
0.001497144650140397,1.579200612215177e-08,0.055022878211073975,18.174258281507687
0.0015,1.591266790611601e-08,0.054719974936542286,18.27486217162345
0.0015021363360025216,1.600342324527488e-08,0.05449443910135869,18.3504962431124
0.0015071446648308028,1.621779757837156e-08,0.053969345430616544,18.529037030578934
0.0015121696921151784,1.6435172231589528e-08,0.05344759279328389,18.709916532024952
0.0015172114735305926,1.665559096777372e-08,0.052929176652821965,18.89317127601085
0.0015222700649376176,1.6879098212691644e-08,0.05241409234210703,19.07883844430607
0.0015273455223830785,1.7105739065423873e-08,0.051902335063834196,19.266955884934838
0.0015324379021006572,1.733555930892159e-08,0.05139389989093623,19.45756212550741
0.001537547260511538,1.7568605420736498e-08,0.050888781767011976,19.65069638684567
0.0015426736542250138,1.7804924583922526e-08,0.05038697550677168,19.84639859690738
0.0015478171400391217,1.8044564698115245e-08,0.04988847579649322,20.04470940501839
0.0015529777749412757,1.8287574390790368e-08,0.04939327719449135,20.24567019641949
0.0015581556161088884,1.853400302870416e-08,0.04890137413160196,20.449323107134553
0.0015633507209100103,1.878390072951989e-08,0.04841276091167722,20.6557110391694
0.0015685631469039712,1.9037318373622874e-08,0.04792743171209438,20.864877676048145
0.001573792951842,1.9294307616125955e-08,0.047445380584279495,21.07686749869468
0.001579040193667888,1.9554920899072008e-08,0.046966601454240295,21.291725801670005
0.0015843049305186122,1.981921146383233e-08,0.04649108812311585,21.509498709770778
0.001589587220724986,2.008723336370779e-08,0.04601883426773705,21.730233195000366
0.0015948871228123112,2.035904147673467e-08,0.04554983344119985,21.9539770939206
0.0016002046955010158,2.063469151869798e-08,0.04508407907345277,22.18077912539281
0.0016055399977073098,2.09142400563572e-08,0.04462156447189587,22.410688908718853
0.0016108930885438445,2.119774452088731e-08,0.044162282821992443,22.643756982191338
0.0016162640273203496,2.148526322153742e-08,0.043706227187895186,22.880034822062118
0.0016216528735443127,2.177685535951403e-08,0.043253390513081934,23.119574861941775
0.001627059686921621,2.2072581042088376e-08,0.042803765621007184,23.36243051263745
0.00163248452735723,2.2372501296935083e-08,0.04235734521576401,23.60865618244254
0.0016379274549558306,2.2676678086704597e-08,0.041914121882758865,23.858307297888167
0.0016433885300225063,2.2985174323832567e-08,0.041474088089399966,24.111440324967194
0.0016488678130634064,2.3298053885591937e-08,0.04103723618579643,24.36811279084419
0.0016543653647864223,2.3615381629390934e-08,0.04060355840547017,24.628383306062126
0.0016598812461018425,2.393722340831956e-08,0.04017304686608147,24.89231158725754
0.0016654155181230498,2.426364608695267e-08,0.03974569357016378,25.159958480399446
0.0016709682421671816,2.459471755740919e-08,0.03932149040587369,25.431385984561356
0.0016765394797558142,2.493050675567545e-08,0.03890042914775094,25.706657276242822
0.0016821292926156512,2.5271083678195718e-08,0.03848250145749059,25.985836734252906
0.0016877377426791956,2.5616519398733467e-08,0.038067698884728135,26.268989965169038
0.0016933648920854426,2.5966886085510014e-08,0.03765601286783524,26.556183829387134
0.0016990108031805736,2.6322257018624e-08,0.03724743473472709,26.847486467777202
0.001704675538518629,2.6682706607755087e-08,0.036841955703683066,27.142967328958346
0.0017103591608622249,2.7048310410160896e-08,0.03643956688417607,27.44269719721206
0.00171606173318323,2.7419145148966426e-08,0.03604025927771611,27.74674822104583
0.001721783318663469,2.7795288731755668e-08,0.03564402377870351,28.055193942426815
0.0017275239806954302,2.8176820269468604e-08,0.03525085117529347,28.36810932670124
0.0017332837828829542,2.8563820095607602e-08,0.03486073215027282,28.68557079321623
0.0017390627890419466,2.8956369785760887e-08,0.03447365728194668,29.00765624666358
0.001744861063201091,2.935455217744737e-08,0.034089617045036,29.33444510916312
0.0017506786696025387,2.975845139028606e-08,0.03370860181158778,29.666018353102878
0.0017565156727026457,3.016815284650103e-08,0.033330601851892835,30.00245853475971
0.0017623721371726672,3.0583743291760795e-08,0.03295560733541732,30.34384982871495
0.0017682481278994814,3.100531081636332e-08,0.0325836083317429,30.690278063089828
0.0017741437099863136,3.143294487677009e-08,0.03221459481151748,31.04183075562001
0.0017800589487534464,3.186673631749428e-08,0.03184855664741721,31.398597150590057
0.0017859939097389496,3.2306777393351405e-08,0.03148548361511758,31.760668256651954
0.0017919486586994134,3.2753161792077645e-08,0.03112536539427442,32.128136885549694
0.0017979232616106562,3.3205984657319604e-08,0.030768191569516733,32.501097691771385
0.0018039177846684818,3.3665342612007484e-08,0.030413951631446137,32.879647213157995
0.0018099322942893928,3.4131333782111545e-08,0.030062634977649057,33.26388391248735
0.001815966857111333,3.4604057820793294e-08,0.029714230913716628,33.653908220063734
0.001822021539994433,3.508361593295647e-08,0.029368728654274114,34.04982257733745
0.0018280964100217372,3.557011090020328e-08,0.02902611732402071,34.45173148158004
0.001834191534499955,3.60636471062052e-08,0.028686385958777327,34.85974153164542
0.0018403069809602127,3.656433056249453e-08,0.028349523506543323,35.27396147484423
0.0018464428171587818,3.7072268934681305e-08,0.02801551882856377,35.69450225495844
0.0018525991110778554,3.758757156910886e-08,0.027684360700402626,36.12147706143189
0.0018587759309262814,3.811034951994806e-08,0.027356037813027225,36.555001379760846
0.001864973345140325,3.8640715576743424e-08,0.02703053877389963,36.99519304312159
0.0018711914223844331,3.9178784292417155e-08,0.026707852108076222,37.4421722852662
0.0018774302315519838,3.972467201173655e-08,0.026387966259316546,37.89606179471825
0.0018836898417660547,4.027849690025666e-08,0.026070869591199045,38.3569867703062
0.0018899703223801954,4.084037897374406e-08,0.025756550388244658,38.82507497806857
0.001896271742979184,4.141044012808903e-08,0.02544499685704905,39.30045680956604
0.0019025941733798036,4.1988804169716984e-08,0.025136197127421378,39.78326534164104
0.001908937683631624,4.2575596846506914e-08,0.024830139253530358,40.27363639766215
0.001915302344017756,4.3170945879222266e-08,0.024526811215058897,40.77170861029105
0.0019216882250556577,4.37749809934704e-08,0.02422620091836346,41.27762348581861
0.0019280953974978943,4.4387833952190476e-08,0.02392829619764267,41.791525470104986
0.00193452393233293,4.500963858868634e-08,0.02363308481611102,42.313562016173414
0.0019409739007859197,4.564053084021073e-08,0.02334055446717943,42.84388365349935
0.0019474453743194874,4.628064878210864e-08,0.023050692775642822,43.38264405904012
0.001953938424634523,4.6930132662533005e-08,0.022763487298873227,43.93000013005473
0.0019604531236709845,4.758912493774099e-08,0.02247892552801868,44.48611205876178
0.0019669895436086743,4.8257770307977613e-08,0.022196994889209266,45.05114340888257
0.001973547756868066,4.893621575396498e-08,0.021917682744766805,45.62526119412719
0.0019801278361110852,4.9624610573996996e-08,0.02164097639442204,46.20863595866913
0.001986729854241922,5.0323106421659063e-08,0.021366863076535906,46.801441859668834
0.001993353884407845,5.1031857344178736e-08,0.021095329969326098,47.40385675190012
0.002,5.1751019821418506e-08,0.02082636419209908,48.01606227453619
